{
    "data_1s.csv": {
        "Decision Tree": {
            "selected_features": [
                "mean_x",
                "std_x",
                "median_x",
                "median_y",
                "std_z",
                "rms_z"
            ],
            "step_accuracies": [
                83.7356341989824,
                96.87544314843818,
                96.93125063306918,
                97.96346508964261,
                97.9774120910373,
                98.84226253087431
            ]
        },
        "Random Forest": {
            "selected_features": [
                "mean_x",
                "std_x",
                "rms_y",
                "mean_z",
                "std_z",
                "median_z"
            ],
            "step_accuracies": [
                83.74958120037711,
                97.58681813577678,
                98.49352905885013,
                99.0933669931356,
                99.23287596518705,
                99.28866397076585
            ]
        },
        "SVM": {
            "selected_features": [
                "mean_x",
                "std_x",
                "rms_x",
                "mean_y",
                "std_y",
                "rms_y"
            ],
            "step_accuracies": [
                74.16670562477113,
                97.21026857717212,
                97.26593970843756,
                97.69839414693439,
                98.03318061756387,
                98.2843045588774
            ]
        }
    },
    "data_2s.csv": {
        "Decision Tree": {
            "selected_features": [
                "mean_x",
                "std_x",
                "median_x",
                "mean_y",
                "mean_z",
                "rms_z"
            ],
            "step_accuracies": [
                84.458579743344,
                97.92142929493622,
                98.24234668037992,
                98.8979141830875,
                99.2048066509276,
                99.35828210342599
            ]
        },
        "Random Forest": {
            "selected_features": [
                "mean_x",
                "std_x",
                "median_x",
                "mean_y",
                "mean_z",
                "rms_z"
            ],
            "step_accuracies": [
                84.48647374613341,
                98.56304979624912,
                98.80024621522014,
                99.27450269979664,
                99.4419056746375,
                99.59538112713588
            ]
        },
        "SVM": {
            "selected_features": [
                "mean_x",
                "std_x",
                "rms_x",
                "std_y",
                "rms_y",
                "mean_z"
            ],
            "step_accuracies": [
                75.1954722891003,
                97.27967244025774,
                98.2980567697498,
                98.67470372361564,
                98.67466476551117,
                99.16300460484794
            ]
        }
    },
    "data_3s.csv": {
        "Decision Tree": {
            "selected_features": [
                "mean_x",
                "std_x",
                "median_x",
                "mean_y",
                "rms_y",
                "rms_z"
            ],
            "step_accuracies": [
                84.98720226268671,
                97.58619480610552,
                98.59074900851624,
                99.09323063977,
                98.92576922777245,
                99.49771315926853
            ]
        },
        "Random Forest": {
            "selected_features": [
                "mean_x",
                "std_x",
                "median_x",
                "rms_x",
                "mean_y",
                "rms_z"
            ],
            "step_accuracies": [
                84.98720226268671,
                98.3953935937293,
                98.8280233436962,
                98.8000709037501,
                99.3861176690587,
                99.70697661734572
            ]
        },
        "SVM": {
            "selected_features": [
                "mean_x",
                "std_x",
                "rms_x",
                "std_y",
                "rms_y",
                "mean_z"
            ],
            "step_accuracies": [
                75.93162463087195,
                97.20962576844862,
                97.99089159517855,
                98.52105295964722,
                98.59082692472516,
                99.24666713416393
            ]
        }
    },
    "data_4s.csv": {
        "Decision Tree": {
            "selected_features": [
                "mean_x",
                "std_x",
                "rms_x",
                "mean_y",
                "std_y",
                "rms_z"
            ],
            "step_accuracies": [
                84.85879635040477,
                97.68329788145829,
                97.85073981440358,
                98.98118713135894,
                99.38588392043195,
                99.52543185058789
            ]
        },
        "Random Forest": {
            "selected_features": [
                "mean_x",
                "rms_x",
                "mean_y",
                "std_y",
                "rms_y",
                "rms_z"
            ],
            "step_accuracies": [
                84.85879635040477,
                98.408912055975,
                99.27421051401323,
                99.5532868952728,
                99.55326741622059,
                99.77665318716254
            ]
        },
        "SVM": {
            "selected_features": [
                "mean_x",
                "std_x",
                "rms_x",
                "std_y",
                "mean_z",
                "std_z"
            ],
            "step_accuracies": [
                75.50957200626446,
                97.40433837451205,
                98.0043126621631,
                98.70207179199488,
                98.74395175428346,
                98.84167815930749
            ]
        }
    }
}